origin_date,actual,ar1_forecast,reg_forecast,combo_forecast,ar1_error,reg_error,combo_error
2021-01-01,15.1903,14.598873624683819,14.679300156599076,14.639086890641448,0.5914263753161819,0.5109998434009242,0.551213109358553
2021-01-08,14.9266,15.340007719969472,15.344962912940586,15.34248531645503,-0.4134077199694719,-0.4183629129405855,-0.4158853164550287
2021-01-15,14.661,15.154935397979838,15.200937174940613,15.177936286460225,-0.493935397979838,-0.5399371749406132,-0.5169362864602256
2021-01-22,14.5616,15.051084789342383,15.061909140783776,15.05649696506308,-0.4894847893423826,-0.5003091407837754,-0.494896965063079
2021-01-29,14.8367,15.164302250948438,15.269673763539144,15.216988007243792,-0.32760225094843776,-0.4329737635391435,-0.3802880072437915
2021-02-05,15.3047,14.90066966295353,14.766205875129376,14.833437769041453,0.4040303370464713,0.5384941248706241,0.4712622309585477
2021-02-12,14.9757,14.635200818708705,14.66756112244414,14.651380970576422,0.3404991812912943,0.30813887755586045,0.3243190294235774
2021-02-19,14.654,14.535898202139471,14.60352871746048,14.569713459799974,0.11810179786052899,0.0504712825395206,0.08428654020002568
2021-02-26,15.0113,14.810853086150729,14.88633951622007,14.848596301185399,0.20044691384927127,0.12496048377992963,0.16270369881460134
2021-03-05,14.7241,15.278689658659655,15.224483581278196,15.251586619968926,-0.5545896586596548,-0.5003835812781965,-0.5274866199689257
2021-03-12,14.5894,14.949746785209005,14.974148970119238,14.961947877664121,-0.3603467852090052,-0.38474897011923836,-0.3725478776641218
2021-03-19,14.2549,14.628198285272173,14.75852537655308,14.693361830912627,-0.373298285272174,-0.5036253765530816,-0.4384618309126278
2021-03-26,14.2938,14.985316081871229,14.985346972070138,14.985331526970683,-0.6915160818712298,-0.6915469720701388,-0.6915315269706834
2021-04-02,14.3799,14.698250985381778,14.701800413255555,14.700025699318665,-0.31835098538177853,-0.3219004132555554,-0.3201256993186661
2021-04-09,14.2393,14.563669857654846,14.600968778109092,14.582319317881968,-0.3243698576548457,-0.3616687781090917,-0.3430193178819678
2021-04-16,14.1485,14.229458440470406,14.28232297943055,14.255890709950478,-0.08095844047040579,-0.13382297943054944,-0.10739070995047761
2021-04-23,13.985900000000001,14.268355404951851,14.321180372233469,14.29476788859266,-0.2824554049518504,-0.33528037223346807,-0.30886788859265835
2021-04-30,13.8194,14.354406234325019,14.416072523849861,14.38523937908744,-0.535006234325019,-0.5966725238498611,-0.565839379087441
2021-05-07,13.6629,14.213977895102484,14.245349254730163,14.229663574916323,-0.551077895102484,-0.5824492547301627,-0.5667635749163225
2021-05-14,13.5667,14.123314353263172,14.208129268733815,14.165721810998495,-0.5566143532631713,-0.6414292687338143,-0.5990218109984937
2021-05-21,14.0811,13.960946048102354,14.041449419678441,14.001197733890397,0.12015395189764533,0.03965058032155788,0.0799022661096025
2021-05-28,14.1637,13.794710542529078,13.812682672168178,13.803696607348627,0.3689894574709225,0.3510173278318227,0.3600033926513735
2021-06-04,14.4582,13.638488296234154,13.610554972186849,13.624521634210502,0.8197117037658455,0.8476450278131509,0.8336783657894973
2021-06-11,14.2773,13.542487299677727,13.580727733728201,13.561607516702963,0.7348127003222729,0.696572266271799,0.7156924832970368
2021-06-18,14.4485,14.056035197734268,14.04981889618694,14.052927046960605,0.39246480226573155,0.3986811038130593,0.39557295303939455
2021-06-25,14.7561,14.138567025691835,14.08757290703101,14.113069966361422,0.6175329743081654,0.6685270929689899,0.6430300336385777
2021-07-02,14.5593,14.432759588156397,14.454945759163929,14.443852673660164,0.1265404118436031,0.10435424083607181,0.11544732633983656
2021-07-09,14.5415,14.252066449570808,14.330130975271326,14.291098712421068,0.28943355042919094,0.2113690247286737,0.25040128757893143
2021-07-16,14.838,14.423117949299884,14.516715852857054,14.46991690107847,0.41488205070011475,0.3212841471429453,0.36808309892152913
2021-07-23,15.353,14.73047335120483,14.738541742264049,14.73450754673444,0.6225266487951693,0.6144582577359508,0.61849245326556
2021-07-30,14.9042,14.533844026991536,14.602156323435812,14.568000175213674,0.3703559730084631,0.3020436765641872,0.33619982478632515
2021-08-06,14.4109,14.51609651858492,14.46895603401336,14.49252627629914,-0.10519651858492018,-0.05805603401335979,-0.08162627629913999
2021-08-13,14.0946,14.812381373360727,14.81557273799118,14.813977055675954,-0.7177813733607277,-0.7209727379911808,-0.7193770556759542
2021-08-20,14.6129,15.32711385691498,15.418092409840437,15.372603133377709,-0.7142138569149807,-0.805192409840437,-0.7597031333777089
2021-08-27,14.6646,14.878438841146847,14.901219587447118,14.889829214296983,-0.21383884114684726,-0.23661958744711775,-0.2252292142969825
2021-09-03,15.0323,14.385476870401602,14.43450221061408,14.40998954050784,0.6468231295983973,0.5977977893859201,0.6223104594921587
2021-09-10,14.9389,14.06955446855989,14.14518503166986,14.107369750114874,0.8693455314401106,0.793714968330141,0.8315302498851267
2021-09-17,14.6865,14.587215253257991,14.590794772246909,14.58900501275245,0.09928474674200949,0.09570522775309165,0.09749498724755057
2021-09-24,14.6151,14.638908344435283,14.648585517686458,14.643746931060871,-0.02380834443528279,-0.03348551768645791,-0.02864693106087124
2021-10-01,15.2746,15.006351752262516,15.078014595371137,15.042183173816827,0.2682482477374837,0.19658540462886265,0.23241682618317228
2021-10-08,15.2901,14.91303713592605,14.977253597107847,14.945145366516948,0.3770628640739506,0.3128464028921538,0.3449546334830522
2021-10-15,15.3157,14.660828125090351,14.6854361606509,14.673132142870625,0.6548718749096487,0.6302638393490998,0.6425678571293751
2021-10-22,15.6168,14.589524982517657,14.663222810854931,14.626373896686294,1.0272750174823422,0.9535771891450686,0.9904261033137054
2021-10-29,16.319,15.24849512456964,15.260529012349252,15.254512068459446,1.070504875430359,1.0584709876507468,1.0644879315405529
2021-11-05,16.0342,15.264028272476633,15.291327560456235,15.277677916466434,0.7701717275233655,0.7428724395437634,0.7565220835335644
2021-11-12,16.0345,15.28965812575844,15.387262119827726,15.338460122793084,0.7448418742415619,0.6472378801722751,0.6960398772069176
2021-11-19,15.8767,15.590703085100149,15.707044581939256,15.648873833519701,0.2859969148998509,0.1696554180607439,0.2278261664802983
2021-11-26,15.6357,16.292861619041417,16.391755499592062,16.34230855931674,-0.6571616190414176,-0.7560554995920619,-0.7066085593167415
2021-12-03,15.8899,16.007981845724284,15.954913560639131,15.981447703181708,-0.1180818457242836,-0.06501356063913022,-0.09154770318170691
2021-12-10,15.7,16.00831939999908,15.944242461297684,15.976280930648382,-0.30831939999908187,-0.24424246129768434,-0.2762809306483831
2021-12-17,15.32,15.850526017306555,15.964182902143955,15.907354459725255,-0.5305260173065545,-0.6441829021439549,-0.5873544597252547
2021-12-24,15.1567,15.60954513053569,15.5807114901184,15.595128310327045,-0.45284513053568887,-0.42401149011839934,-0.4384283103270441
2021-12-31,15.4935,15.863752315908998,15.964655247873589,15.914203781891294,-0.3702523159089992,-0.47115524787358964,-0.4207037818912944
2022-01-07,15.2606,15.673876819570273,15.69689590660185,15.68538636308606,-0.41327681957027274,-0.436295906601849,-0.42478636308606
2022-01-14,15.1005,15.293946159066195,15.394760525272806,15.344353342169502,-0.19344615906619467,-0.2942605252728061,-0.24385334216950127
2022-01-21,14.9354,15.130748473436224,15.226090223452513,15.178419348444368,-0.19534847343622452,-0.29069022345251305,-0.2430193484443688
2022-01-28,15.326,15.46740982571923,15.461340780491,15.464375303105115,-0.14140982571922933,-0.13534078049099918,-0.13837530310511426
2022-02-04,15.2827,15.234610413863619,15.289357144268886,15.261983779066252,0.04808958613638126,-0.006657144268885418,0.02071622093374792
2022-02-11,15.0824,15.074622999423966,15.138502200703316,15.10656260006364,0.007777000576034254,-0.056102200703316285,-0.024162600063640127
2022-02-18,14.9391,14.909661684661984,15.023613766057732,14.966637725359858,0.029438315338015997,-0.0845137660577322,-0.0275377253598581
2022-02-25,14.543,15.300011939536661,15.33669912235789,15.318355530947276,-0.7570119395366621,-0.7936991223578911,-0.7753555309472766
2022-03-04,14.581,15.25676805669768,15.468947529579486,15.362857793138584,-0.6757680566976809,-0.8879475295794865,-0.7818577931385846
2022-03-11,14.7138,15.056601705354023,15.116330434509177,15.0864660699316,-0.342801705354022,-0.4025304345091758,-0.3726660699315989
2022-03-18,14.6483,14.913432923531465,14.848495197992534,14.880964060762,-0.2651329235314641,-0.20019519799253338,-0.23266406076199964
2022-03-25,15.4949,14.517692303511307,14.562362270140014,14.54002728682566,0.9772076964886924,0.9325377298599857,0.9548727131743391
2022-04-01,15.8889,14.555684698595144,14.545079100219692,14.550381899407418,1.3332153014048558,1.343820899780308,1.338518100592582
2022-04-08,16.0525,14.688373872815106,14.746461387169441,14.717417629992273,1.3641261271848926,1.306038612830557,1.3350823700077257
2022-04-15,16.0337,14.622975973696464,14.732752349626422,14.677864161661443,1.4107240263035354,1.300947650373578,1.3558358383385567
2022-04-22,15.8428,15.468754498846554,15.54460481520143,15.50667965702399,0.3740455011534465,0.2981951847985709,0.33612034297600957
2022-04-29,15.6402,15.862653251044119,15.872369692772407,15.867511471908262,-0.22245325104411862,-0.2321696927724073,-0.22731147190826206
2022-05-06,15.4117,16.026279562777045,16.028556345660675,16.027417954218862,-0.6145795627770454,-0.6168563456606755,-0.6157179542188622
2022-05-13,15.4804,16.00751574355169,15.975578722113935,15.991547232832811,-0.5271157435516898,-0.4951787221139359,-0.5111472328328119
2022-05-20,15.9196,15.816647262745288,15.834662713009832,15.82565498787756,0.10295273725471255,0.08493728699016856,0.09394501212244144
2022-05-27,15.9334,15.614108583367221,15.629654100174706,15.621881341770964,0.3192914166327796,0.30374589982529443,0.311518658229037
2022-06-03,16.3482,15.385710729774974,15.475039717820238,15.430375223797606,0.9624892702250243,0.8731602821797608,0.9178247762023926
2022-06-10,16.8419,15.454415738062844,15.593751719022714,15.524083728542779,1.3874842619371552,1.2481482809772846,1.31781627145722
2022-06-17,17.2362,15.89347026189382,15.953120979595678,15.92329562074475,1.342729738106181,1.2830790204043225,1.3129043792552508
2022-06-24,17.016,15.90730579531661,15.848452381887467,15.87787908860204,1.1086942046833883,1.1675476181125308,1.1381209113979587
2022-07-01,16.5087,16.32209830999756,16.36656562105868,16.34433196552812,0.18660169000244053,0.14213437894132142,0.16436803447188097
2022-07-08,16.5781,16.815903858134625,16.781711828971297,16.79880784355296,-0.237803858134626,-0.20361182897129737,-0.2207078435529617
2022-07-15,16.1698,17.210400642023796,17.199197673084967,17.204799157554383,-1.0406006420237972,-1.0293976730849685,-1.0349991575543847
2022-07-22,16.8918,16.990085282353164,16.972360139028115,16.981222710690638,-0.0982852823531637,-0.08056013902811543,-0.08942271069063779
2022-07-29,16.8291,16.482522844460426,16.54954387170304,16.516033358081735,0.346577155539574,0.2795561282969601,0.3130666419182653
2022-08-05,17.3139,16.55197511653244,16.65477421246941,16.603374664500926,0.7619248834675609,0.6591257875305914,0.7105253354990744
2022-08-12,17.284,16.143588658354588,16.125717910606625,16.134653284480606,1.140411341645411,1.1582820893933743,1.1493467155193926
2022-08-19,17.655,16.86559908506286,16.93737947473733,16.901489279900098,0.7894009149371399,0.7176205252626708,0.7535107200999036
2022-08-26,17.7755,16.802906432152533,16.879705955824523,16.84130619398853,0.9725935678474684,0.8957940441754779,0.9341938060114714
2022-09-02,17.8937,17.287906601966757,17.301422528707874,17.294664565337314,0.6057933980332422,0.5922774712921246,0.5990354346626852
2022-09-09,17.9767,17.258021168858985,17.32627491443545,17.292148041647216,0.7186788311410162,0.6504250855645495,0.6845519583527846
2022-09-16,18.1708,17.629259785629245,17.63759855862464,17.63342917212694,0.5415402143707553,0.5332014413753612,0.5373708278730582
2022-09-23,18.3618,17.749880417182844,17.903317845264976,17.826599131223908,0.6119195828171549,0.4584821547350231,0.5352008687760907
2022-09-30,18.1019,17.872109850030597,18.02239945760035,17.947254653815474,0.2297901499694035,0.07950054239964999,0.15464534618452674
2022-10-07,18.2961,17.955260568386944,18.055385805978734,18.00532318718284,0.3408394316130554,0.24071419402126537,0.2907768128171604
2022-10-14,17.2798,18.14966506745501,18.135770468756448,18.14271776810573,-0.8698650674550095,-0.8559704687564462,-0.8629177681057278
2022-10-21,17.389,18.340969557433677,18.38021969279102,18.36059462511235,-0.951969557433678,-0.9912196927910202,-0.9715946251123491
2022-10-28,17.0837,18.08068683796246,18.052508941774786,18.066597889868625,-0.99698683796246,-0.9688089417747854,-0.9828978898686245
2022-11-04,17.5034,18.275190943480233,18.33293956419359,18.30406525383691,-0.7717909434802337,-0.8295395641935919,-0.800665253836911
2022-11-11,17.161,17.253646827986294,17.34988991473348,17.301768371359888,-0.09264682798629309,-0.1888899147334797,-0.1407683713598864
2022-11-18,17.3492,17.362936140174938,17.429093257548555,17.396014698861748,-0.013736140174938072,-0.07989325754855514,-0.04681469886174838
2022-11-25,17.114,17.057486115010633,17.046763360619575,17.052124737815106,0.056513884989367824,0.06723663938042534,0.06187526218489481
2022-12-02,16.9831,17.477370892584744,17.587389514110285,17.532380203347515,-0.4942708925847441,-0.6042895141102846,-0.5492802033475144
2022-12-09,17.1939,17.134783456993794,17.241871386191878,17.188327421592838,0.059116543006204836,-0.047971386191878906,0.005572578407161188
2022-12-16,16.7265,17.32309437906732,17.28514427540122,17.304119327234268,-0.5965943790673194,-0.5586442754012175,-0.5776193272342667
2022-12-23,17.2468,17.087801135877243,17.18837105605868,17.138086095967964,0.15899886412275777,0.058428943941319034,0.10871390403203662
2022-12-30,17.2577,16.95688330927851,17.077893551553068,17.01738843041579,0.30081669072149,0.17980644844693217,0.24031156958421107
2023-01-06,17.1455,17.16777874592169,17.178638252818203,17.17320849936995,-0.022278745921692433,-0.033138252818204705,-0.027708499369950346
2023-01-13,17.7503,16.700201592849602,16.780052538256946,16.740127065553274,1.0500984071503972,0.9702474617430532,1.0101729344467252
2023-01-20,18.2712,17.220591622529263,17.30288659150676,17.26173910701801,1.0506083774707378,0.9683134084932412,1.0094608929819913
2023-01-27,18.309,17.231530179734133,17.259588539704314,17.245559359719223,1.0774698202658683,1.049411460295687,1.0634406402807777
2023-02-03,18.1537,17.119315638320025,17.146895724283315,17.13310568130167,1.034384361679976,1.0068042757166857,1.020594318698329
2023-02-10,18.4585,17.724324223012996,17.799947169700175,17.762135696356587,0.734175776987005,0.6585528302998256,0.6963643036434135
2023-02-17,18.3149,18.24964522169407,18.232571811434944,18.24110851656451,0.06525477830593118,0.0823281885650573,0.07379148343549247
2023-02-24,18.1647,18.28753073842908,18.407955099920585,18.347742919174834,-0.1228307384290801,-0.24325509992058514,-0.1830429191748344
2023-03-03,17.8139,18.13203290997464,18.15446702703098,18.143249968502808,-0.31813290997463994,-0.3405670270309784,-0.3293499685028074
2023-03-10,18.1575,18.43726540791769,18.518440346728205,18.477852877322945,-0.2797654079176901,-0.3609403467282064,-0.3203528773229465
2023-03-17,18.1129,18.29348242870644,18.483083538822573,18.388282983764505,-0.18058242870644037,-0.37018353882257315,-0.275382983764505
2023-03-24,18.0983,18.143095469942423,18.191664725418907,18.167380097680663,-0.044795469942425115,-0.09336472541890828,-0.06908009768066492
2023-03-31,18.4303,17.78800650754186,17.767084938260012,17.777545722900935,0.6422934924581405,0.6632150617399866,0.6527542770990635
2023-04-07,18.3544,18.135858635986345,18.252982411244847,18.194420523615598,0.2185413640136531,0.10141758875515094,0.15997947638440024
2023-04-14,19.3767,18.09122942693739,18.14870151580832,18.119965471372854,1.2854705730626108,1.22799848419168,1.2567345286271454
2023-04-21,19.3487,18.076641797780695,18.07877110901269,18.077706453396694,1.2720582022193057,1.2699288909873125,1.2709935466033073
2023-04-28,19.7446,18.40908764900286,18.391051625161712,18.400069637082286,1.3355123509971385,1.3535483748382866,1.3445303629177126
2023-05-05,19.5325,18.33311077721509,18.505651294123716,18.419381035669403,1.1993892227849088,1.026848705876283,1.1131189643305959
2023-05-12,18.8235,19.35656637907682,19.446053781101156,19.40131008008899,-0.5330663790768213,-0.622553781101157,-0.5778100800889909
2023-05-19,18.3303,19.328551042482403,19.39959326051119,19.364072151496796,-0.9982510424824014,-1.0692932605111878,-1.0337721514967946
2023-05-26,18.6313,19.725023724541465,19.76619517689727,19.745609450719368,-1.0937237245414657,-1.1348951768972704,-1.114309450719368
2023-06-02,18.9237,19.51261461264137,19.484946755684785,19.49878068416308,-0.5889146126413713,-0.5612467556847847,-0.5750806841630798
2023-06-09,19.0764,18.80241585248821,18.834035372193778,18.818225612340996,0.2739841475117899,0.24236462780622148,0.2581743876590039
2023-06-16,18.0212,18.308465634570133,18.32879802135689,18.31863182796351,-0.287265634570133,-0.3075980213568883,-0.29743182796351064
2023-06-23,17.956,18.60988102911974,18.647890132865694,18.628885580992716,-0.6538810291197414,-0.6918901328656943,-0.6728855809927161
2023-06-30,17.8692,18.902700076818107,18.900772798544892,18.9017364376815,-1.0335000768181075,-1.031572798544893,-1.0325364376815003
2023-07-07,18.685,19.055643833607803,19.223776619553796,19.1397102265808,-0.3706438336078044,-0.5387766195537971,-0.45471022658080074
2023-07-14,18.8743,17.994752070632053,18.028621653161512,18.011686861896784,0.8795479293679485,0.8456783468384899,0.8626131381032174
2023-07-21,19.0725,17.92954759261425,17.97140302528365,17.95047530894895,1.1429524073857529,1.1010969747163522,1.1220246910510525
2023-07-28,18.6564,17.842734094229048,17.84925699745704,17.845995545843046,0.8136659057709537,0.8071430025429613,0.8104044541569557
2023-08-04,18.7612,18.66316113505504,18.816795046966103,18.73997809101057,0.09803886494495728,-0.05559504696610418,0.02122190898942833
2023-08-11,19.1072,18.852749517288956,18.866320445465607,18.85953498137728,0.254450482711043,0.24087955453439136,0.24766501862271895
2023-08-18,19.0481,19.051253610474326,19.13785530664539,19.094554458559855,-0.0031536104743246085,-0.08975530664538667,-0.04645445855985386
2023-08-25,18.8488,18.634530334204808,18.667169646085224,18.650849990145016,0.21426966579519302,0.18163035391477678,0.1979500098549849
2023-09-01,18.784,18.739503703882043,18.796421156044293,18.76796242996317,0.04449629611795558,-0.012421156044293724,0.016037570036829152
2023-09-08,19.4202,19.085985652487377,19.13931314734758,19.11264939991748,0.33421434751262424,0.2808868526524222,0.30755060008252144
2023-09-15,18.9642,19.026829129744986,19.107755200948297,19.067292165346643,-0.06262912974498391,-0.14355520094829544,-0.10309216534664145
2023-09-22,19.1057,18.827263916569187,18.961504304851438,18.894384110710313,0.2784360834308117,0.1441956951485608,0.21131588928968625
2023-09-29,18.8845,18.762403641122642,18.801135162578124,18.781769401850383,0.12209635887735715,0.08336483742187539,0.10273059814961627
2023-10-06,18.4397,19.399400434157975,19.39172301167118,19.39556172291458,-0.9597004341579769,-0.9520230116711801,-0.9558617229145803
2023-10-13,18.6541,18.942704325527238,19.10757978011994,19.02514205282359,-0.28860432552723836,-0.4534797801199417,-0.37104205282359004
2023-10-20,18.384,19.084426955789674,19.377171056907848,19.23079900634876,-0.7004269557896734,-0.9931710569078476,-0.8467990063487605
2023-10-27,18.8957,18.862931879449878,18.88186362279269,18.872397751121284,0.03276812055012357,0.013836377207312012,0.02330224887871779
2023-11-03,18.8143,18.417507175366268,18.289354626880158,18.35343090112321,0.39679282463373156,0.5249453731198415,0.4608690988767883
2023-11-10,18.8313,18.63219891508198,18.643958717112934,18.638078816097455,0.19910108491801992,0.18734128288706486,0.19322118390254417
2023-11-17,18.6113,18.361761896929163,18.38807287029633,18.374917383612747,0.24953810307083657,0.22322712970366965,0.2363826163872531
2023-11-24,18.4175,18.87406578445964,18.93670773808462,18.90538676127213,-0.456565784459638,-0.5192077380846207,-0.4878867612721294
2023-12-01,18.5826,18.79258517358253,18.84111017196173,18.81684767277213,-0.2099851735825311,-0.2585101719617313,-0.2342476727721312
2023-12-08,18.7906,18.809638605052978,18.84352238818709,18.826580496620032,-0.01903860505297672,-0.05292238818708839,-0.03598049662003078
2023-12-15,18.5818,18.589367925120275,18.585412153778346,18.58739003944931,-0.0075679251202736,-0.0036121537783451174,-0.005590039449309359
2023-12-22,18.9904,18.395347350524403,18.475622753304194,18.4354850519143,0.5950526494755977,0.5147772466958074,0.5549149480857025
2023-12-29,18.9156,18.56067200430573,18.59042436102261,18.57554818266417,0.3549279956942719,0.32517563897739166,0.34005181733583
2024-01-05,18.634,18.768951971935607,18.88768162309201,18.828316797513807,-0.1349519719356067,-0.25368162309201026,-0.1943167975138067
2024-01-12,19.0113,18.559905127289383,18.56402095160753,18.561963039448457,0.4513948727106154,0.4472790483924669,0.44933696055154115
2024-01-19,18.8852,18.969000947034978,19.0442707543377,19.006635850686337,-0.08380094703497676,-0.1590707543376979,-0.12143585068633556
2024-01-26,19.2452,18.89413139831901,18.892006025353787,18.8930687118364,0.3510686016809892,0.3531939746462136,0.3521312881636014
2024-02-02,19.2279,18.612179930686757,18.74468640037383,18.678433165530294,0.6157200693132445,0.48321359962617194,0.5494668344697082
2024-02-09,18.6616,18.989940319064523,18.99634306524524,18.993141692154882,-0.3283403190645231,-0.33474306524524167,-0.3315416921548824
2024-02-16,18.6815,18.863702592459333,18.945126453715265,18.904414523087297,-0.18220259245933335,-0.26362645371526483,-0.2229145230872973
2024-02-23,18.9907,19.22415918789255,19.295875819588545,19.26001750374055,-0.23345918789254938,-0.3051758195885448,-0.26931750374054886
2024-03-01,18.9926,19.2068651881859,19.249498625767934,19.228181906976918,-0.21426518818590168,-0.2568986257679349,-0.23558190697691828
2024-03-08,18.6668,18.63976991016395,18.88391927077006,18.761844590467007,0.027030089836049598,-0.21711927077006266,-0.0950445904670083
2024-03-15,18.6866,18.659724814902475,18.76731130233537,18.713518058618924,0.026875185097523513,-0.08071130233537005,-0.026918058618925045
2024-03-22,19.2467,18.969304596868476,18.970946844190163,18.970125720529317,0.2773954031315249,0.27575315580983784,0.27657427947068314
2024-03-29,18.9895,18.971237029356896,19.098101173476948,19.034669101416924,0.01826297064310367,-0.10860117347694853,-0.04516910141692421
2024-04-05,18.5622,18.6450352485389,18.886722408821857,18.76587882868038,-0.08283524853889901,-0.32452240882185635,-0.20367882868037768
2024-04-12,18.4012,18.66488933532827,18.935852487283682,18.800370911305976,-0.26368933532826944,-0.5346524872836831,-0.39917091130597626
2024-04-19,18.2194,19.225608446358414,19.248287600540163,19.236948023449287,-1.0062084463584142,-1.0288876005401626,-1.0175480234492866
2024-04-26,18.4186,18.96809030308214,18.902384303566066,18.9352373033241,-0.5494903030821376,-0.4837843035660647,-0.5166373033240994
2024-05-03,18.8538,18.540255714520093,18.472585414522552,18.50642056452132,0.31354428547990665,0.3812145854774478,0.347379435478679
2024-05-10,18.8447,18.379103513981285,18.52532572033648,18.45221461715888,0.46559648601871473,0.3193742796635206,0.39248538284111945
2024-05-17,18.3748,18.197138754484065,18.228500069590435,18.21281941203725,0.1776612455159352,0.14629993040956535,0.16198058796275205
2024-05-24,17.9574,18.39656015644993,18.38876065674616,18.392660406598047,-0.4391601564499297,-0.4313606567461612,-0.4352604065980472
2024-05-31,18.2138,18.832213960368257,18.895979816965276,18.864096888666765,-0.6184139603682581,-0.6821798169652773,-0.6502968886667659
2024-06-07,18.2022,18.82313373890974,18.847429955404966,18.835281847157354,-0.6209337389097378,-0.6452299554049645,-0.6330818471573529
2024-06-14,17.9533,18.3526767493031,18.35123702579218,18.35195688754764,-0.3993767493031015,-0.3979370257921815,-0.3986568875476415
2024-06-21,18.35,17.934861859354427,17.98636460091755,17.96061323013599,0.4151381406455741,0.363635399082451,0.3893867698640108
2024-06-28,18.2658,18.191501295192737,18.229636303723467,18.210568799458102,0.07429870480726208,0.03616369627653171,0.0552312005418969
2024-07-05,18.2067,18.179922648785396,18.257872827148823,18.21889773796711,0.026777351214605005,-0.051172827148821654,-0.0121977379671101
2024-07-12,18.3673,17.930816365672186,17.989589083652042,17.960202724662114,0.43648363432781423,0.37771091634795795,0.4070972753378861
2024-07-19,17.9446,18.3278532020152,18.449040197042425,18.388446699528814,-0.3832532020151973,-0.5044401970424239,-0.4438466995288124
2024-07-26,17.9553,18.243602203538433,18.247660495020586,18.24563134927951,-0.28830220353843217,-0.2923604950205849,-0.29033134927950854
2024-08-02,17.6113,18.184478574147104,18.358290696544188,18.271384635345647,-0.5731785741471036,-0.7469906965441879,-0.6600846353456475
2024-08-09,17.7112,18.34525212162455,18.30911506483033,18.32718359322744,-0.6340521216245492,-0.5979150648303282,-0.6159835932274369
2024-08-16,17.7564,17.922155117583703,17.943638038028595,17.932896577806147,-0.16575511758370354,-0.18723803802859607,-0.17649657780614803
2024-08-23,17.5715,17.932895951038333,18.018843997756388,17.975869974397362,-0.36139595103833244,-0.4473439977563878,-0.4043699743973619
2024-08-30,17.1564,17.58515714353514,17.672402075397137,17.62877960946614,-0.4287571435351403,-0.5160020753971359,-0.4723796094661381
2024-09-06,17.4904,17.685074526684442,17.772939947757365,17.729007237220905,-0.19467452668444096,-0.282539947757364,-0.23860723722090427
2024-09-13,17.4565,17.733904922648854,17.750253654260163,17.74207928845451,-0.27740492264885575,-0.29375365426016486,-0.2855792884545103
2024-09-20,17.593,17.545445791177627,17.465508333433174,17.505477062305403,0.0475542088223726,0.12749166656682576,0.0875229376945974
2024-09-27,17.6735,17.130449855728685,17.392743068269855,17.261596461999268,0.5430501442713158,0.2807569317301457,0.41190353800073254
2024-10-04,17.6574,17.464339961331746,17.59991054508242,17.532125253207084,0.1930600386682535,0.05748945491757951,0.12527474679291473
2024-10-11,17.4264,17.430479550453498,17.48396204963901,17.457220800046255,-0.0040795504534969496,-0.05756204963901013,-0.030820800046253538
2024-10-18,18.2358,17.56697501572223,17.671761000614644,17.619368008168436,0.6688249842777694,0.5640389993853567,0.6164319918315648
2024-10-25,18.0286,17.64749068541962,17.760551220626752,17.704020953023186,0.38110931458038166,0.2680487793732489,0.3245790469768153
2024-11-01,18.0419,17.631424326506973,17.722478460429002,17.676951393467988,0.41047567349302483,0.31942153957099606,0.36494860653201044
2024-11-08,18.0388,17.400493572236805,17.30408229458949,17.352287933413148,0.6383064277631938,0.7347177054105067,0.6865120665868503
2024-11-15,17.8176,18.21359293994523,18.127980645310778,18.170786792628004,-0.39599293994523066,-0.31038064531077936,-0.353186792628005
2024-11-22,18.3414,18.006247947353238,18.19039254663688,18.09832024699506,0.3351520526467624,0.15100745336312116,0.24307975300494178
2024-11-29,18.7921,18.019589809660822,17.946204791225554,17.982897300443188,0.7725101903391796,0.8458952087744471,0.8092026995568133
2024-12-06,18.773,18.016519564117214,18.010447621252275,18.013483592684743,0.7564804358827857,0.7625523787477242,0.7595164073152567
2024-12-13,18.9368,17.79518681546438,17.941381191392882,17.86828400342863,1.1416131845356219,0.9954188086071198,1.0685159965713709
2024-12-20,18.7264,18.319316009946597,18.393640709434752,18.356478359690676,0.4070839900534047,0.33275929056524944,0.3699216403093253
2024-12-27,18.3118,18.770401482525884,18.785451324826855,18.777926403676368,-0.4586014825258822,-0.4736513248268537,-0.46612640367636615
2025-01-03,18.591,18.751312730499336,18.8277033319258,18.78950803121257,-0.16031273049933503,-0.23670333192579918,-0.19850803121256888
2025-01-10,18.4284,18.915301052515275,19.130736849343617,19.023018950929448,-0.48690105251527527,-0.7023368493436166,-0.5946189509294477
2025-01-17,18.3904,18.704706102408885,18.694207431830375,18.699456767119628,-0.3143061024088851,-0.30380743183037495,-0.30905676711962826
2025-01-24,18.3322,18.289713917101462,18.37956375701361,18.334638837057536,0.04248608289853806,-0.04736375701360984,-0.002438837057535892
2025-01-31,18.5065,18.569159501202684,18.664290864938593,18.61672518307064,-0.06265950120268471,-0.15779086493859396,-0.11022518307063933
2025-02-07,18.0809,18.406439932413566,18.510321362981557,18.45838064769756,-0.32553993241356594,-0.4294213629815573,-0.37748064769755985
2025-02-14,18.1979,18.36843909879706,18.445633777939403,18.40703643836823,-0.17053909879706097,-0.247733777939402,-0.2091364383682297
2025-02-21,18.1741,18.310222432658957,18.415347207117296,18.362784819888127,-0.13612243265895785,-0.24124720711729708,-0.18868481988812746
2025-02-28,18.1883,18.48468669013836,18.421687528109818,18.453187109124087,-0.29638669013835894,-0.2333875281098159,-0.26488710912408564
2025-03-07,19.0919,18.058736572060845,18.295552668349192,18.17714462020502,1.0331634279391544,0.7963473316508072,0.914755379794979
2025-03-14,19.3565,18.175844193237552,18.240802859851627,18.20832352654459,1.1806558067624486,1.1156971401483737,1.1481764734554112
2025-03-21,18.8727,18.152058552915946,18.220850265284476,18.18645440910021,0.7206414470840521,0.6518497347155225,0.6862455908997873
2025-03-28,18.8032,18.16629958057444,18.268661899155752,18.217480739865096,0.6369004194255616,0.534538100844248,0.5857192601349048
2025-04-04,18.473,19.07046181791765,19.278599993378624,19.174530905648137,-0.597461817917651,-0.8055999933786246,-0.7015309056481378
2025-04-11,18.1779,19.335349719992074,19.54753555013797,19.441442635065023,-1.1574497199920728,-1.3696355501379678,-1.263542635065022
2025-04-18,18.0516,18.851011917732773,18.91598409848505,18.883498008108912,-0.7994119177327725,-0.8643840984850506,-0.8318980081089116
2025-04-25,17.9148,18.78147592679782,18.74977919784664,18.76562756232223,-0.8666759267978215,-0.8349791978466392,-0.8508275623222303
2025-05-02,17.8463,18.45099066147086,18.436663619528577,18.44382714049972,-0.6046906614708618,-0.5903636195285777,-0.5975271404997216
2025-05-09,17.7727,18.155681978809906,18.34417404998878,18.249928014399345,-0.38298197880990514,-0.5714740499887796,-0.47722801439934415
2025-05-16,17.9451,18.029330324886562,17.849608664501798,17.93946949469418,-0.0842303248865619,0.09549133549820255,0.005630505305820321
2025-05-23,18.028,17.892480996393406,18.129636706204945,18.011058851299175,0.13551900360659275,-0.10163670620494614,0.016941148700823305
2025-05-30,17.8626,17.823977541609985,16.91765282700049,17.370815184305236,0.03862245839001588,0.9449471729995089,0.4917848156947642
2025-06-06,17.5669,17.750374501733987,18.67847418839925,18.214424345066618,-0.18347450173398627,-1.1115741883992492,-0.6475243450666177
2025-06-13,17.8262,17.922877591614963,18.053736748682372,17.988307170148666,-0.09667759161496292,-0.22753674868237184,-0.1621071701486656
2025-06-20,17.6783,18.00585062964645,17.9986729479048,18.002261788775627,-0.3275506296464492,-0.32037294790480075,-0.32396178877562676
2025-06-27,17.7393,17.840390449267264,17.759085918772712,17.799738184019986,-0.1010904492672644,-0.019785918772711852,-0.06043818401998635
2025-07-04,18.2913,17.54118586890406,17.64495549512663,17.593070682015345,0.7501141310959412,0.6463445048733689,0.698229317984655
2025-07-11,17.7139,17.803988092569675,17.857163440385648,17.83057576647766,-0.09008809256967609,-0.14326344038564898,-0.11667576647766253
2025-07-18,17.542,17.656055936501804,17.709119496185917,17.68258771634386,-0.11405593650180279,-0.16711949618591504,-0.14058771634385892
2025-07-25,17.6679,17.717107753720505,17.720702013996966,17.718904883858734,-0.049207753720505565,-0.052802013996966934,-0.05100488385873447
2025-08-01,17.7493,18.26932572605682,18.28615908984164,18.27774240794923,-0.5200257260568186,-0.5368590898416379,-0.5284424079492283
2025-08-08,17.6962,17.6915688289452,17.765478183846806,17.728523506396,0.004631171054800376,-0.06927818384680506,-0.03232350639600057
2025-08-15,17.4027,17.516278636884607,17.542681145434788,17.529479891159696,-0.11357863688460768,-0.13998114543478835,-0.12677989115969623
2025-08-22,17.328,17.645602248790368,17.63990883029939,17.64275553954488,-0.3176022487903687,-0.31190883029939087,-0.3147555395448798
2025-08-29,17.4483,17.727057978700152,17.839732336027968,17.783395157364062,-0.2787579787001526,-0.3914323360279681,-0.33509515736406215
2025-09-05,17.2491,17.673970954622405,17.78073092252623,17.727350938574318,-0.4248709546224063,-0.531630922526233,-0.47825093857431966
2025-09-12,17.2245,17.377148763040587,17.46218338479047,17.41966607391553,-0.15264876304058816,-0.23768338479047202,-0.1951660739155301
2025-09-19,17.4711,17.30252378084422,17.369259055240136,17.335891418042177,0.16857621915578136,0.10184094475986427,0.13520858195782282
2025-09-26,17.3507,17.42277551575447,17.503854236548605,17.463314876151536,-0.07207551575447013,-0.15315423654860538,-0.11261487615153598
2025-10-03,17.3066,17.223722930731583,17.351138920167305,17.287430925449442,0.08287706926841665,-0.04453892016730521,0.019169074550557497
2025-10-10,17.3809,17.199169888323656,17.348951086429025,17.27406048737634,0.18173011167634456,0.03194891357097518,0.10683951262366165
2025-10-17,17.1141,17.445622190869457,17.594928534208982,17.52027536253922,-0.3315221908694568,-0.48082853420898175,-0.40617536253921926
2025-10-24,17.2863,17.325322774215195,17.217728402680507,17.27152558844785,-0.03902277421519429,0.0685715973194938,0.014774411552149758
2025-10-31,17.1635,17.28128140319874,17.326084145303213,17.303682774250976,-0.11778140319874097,-0.16258414530321375,-0.14018277425097736
2025-11-07,16.9318,17.355559618910185,17.392544890284046,17.374052254597117,-0.42375961891018576,-0.4607448902840474,-0.44225225459711837
2025-11-14,16.8368,17.088964935470912,17.20362504454331,17.14629499000711,-0.2521649354709119,-0.3668250445433081,-0.30949499000711
2025-11-21,16.7606,17.261055237018855,17.30358619262192,17.282320714820386,-0.5004552370188549,-0.542986192621921,-0.5217207148203862
2025-11-28,16.6744,17.138372753626314,17.13715545120358,17.13776410241495,-0.4639727536263152,-0.46275545120358075,-0.46336410241494974
2025-12-05,16.535,16.906887296352654,16.96479233396166,16.93583981515716,-0.3718872963526536,-0.42979233396166094,-0.40083981515715905
2025-12-12,16.552,16.812005218026382,16.921904532584623,16.866954875305503,-0.2600052180263823,-0.3699045325846235,-0.3149548753055029
2025-12-19,16.3829,16.7359099431322,16.765812876339073,16.750861409735634,-0.3530099431322,-0.38291287633907345,-0.36796140973563496
2025-12-26,16.1806,16.649828884355273,16.71804544579645,16.68393716507586,-0.46922888435527454,-0.5374454457964504,-0.5033371650758625
